phone;COUNT z doctor_id;COUNTUNIQUE z status;0;
393382011001;4;2;0;other
393382011005;3;1;3,93382E+11;other
393382011008;3;2;0;other
393382011011;2;2;0;booked-user
393382011013;2;2;0;booked-user
393382011015;2;1;3,93382E+11;other
393382011017;11;2;0;other
393382011028;3;1;3,93382E+11;other
393382011031;2;1;3,93382E+11;other
393382011033;3;1;3,93382E+11;other
393382011036;3;1;3,93382E+11;other
393382011039;6;2;0;other
393382011045;2;1;3,93382E+11;other
393382011047;4;1;3,93382E+11;other
393382011051;11;2;0;other
393382011062;2;1;3,93382E+11;other
393382011064;2;1;3,93382E+11;other
393382011066;3;1;3,93382E+11;other
393382011069;2;1;3,93382E+11;other
393382011071;2;1;3,93382E+11;other
393382011073;6;2;0;other
393382011079;2;2;0;booked-user
393382011081;2;2;0;booked-user
393382011083;2;1;3,93382E+11;other
393382011085;2;1;3,93382E+11;other
393382011087;2;1;3,93382E+11;other
393382011089;3;1;3,93382E+11;other
393382011092;4;1;3,93382E+11;other
393382011096;2;1;3,93382E+11;other
393382011098;2;1;3,93382E+11;other
393382011100;3;2;0;other
393382011103;4;1;3,93382E+11;other
393382011107;7;2;0;other
393382011114;2;1;3,93382E+11;other
393382011116;4;2;0;other
393382011120;2;2;0;booked-user
393382011122;2;2;0;booked-user
393382011124;2;2;0;booked-user
393382011126;2;2;0;booked-user
393382011128;2;1;3,93382E+11;other
393382011130;2;1;3,93382E+11;other
393382011132;17;2;0;other
393382011149;2;2;0;booked-user
393382011151;3;2;0;other
393382011154;15;2;0;other
393382011169;5;2;0;other
393382011174;4;2;0;other
393382011178;8;2;0;other
393382011186;4;1;3,93382E+11;other
393382011190;2;1;3,93382E+11;other
393382011192;2;1;3,93382E+11;other
393382011194;7;2;0;other
393382011201;11;2;0;other
393382011212;2;1;3,93382E+11;other
393382011214;2;1;3,93382E+11;other
393382011216;13;2;0;other
393382011229;2;1;3,93382E+11;other
393382011231;2;2;0;booked-user
393382011233;7;2;0;other
393382011240;3;1;3,93382E+11;other
393382011243;2;1;3,93382E+11;other
393382011245;6;2;0;other
393382011251;2;2;0;booked-user
393382011253;2;1;3,93382E+11;other
393382011255;3;1;3,93382E+11;other
393382011258;4;2;0;other
393382011262;2;1;3,93382E+11;other
393382011264;6;2;0;other
393382011270;5;2;0;other
393382011275;2;1;3,93382E+11;other
393382011277;3;1;3,93382E+11;other
393382011280;3;1;3,93382E+11;other
393382011283;2;1;3,93382E+11;other
393382011285;5;2;0;other
393382011290;2;2;0;booked-user
393382011292;2;1;3,93382E+11;other
393382011294;6;2;0;other
393382011300;4;2;0;other
393382011304;3;2;0;other
393382011307;2;2;0;booked-user
393382011309;3;2;0;other
393382011312;4;2;0;other
393382011316;5;1;3,93382E+11;other
393382011321;5;2;0;other
393382011326;4;2;0;other
393382011330;2;1;3,93382E+11;other
393382011332;2;1;3,93382E+11;other
393382011334;3;2;0;other
393382011337;9;2;0;other
393382011346;8;2;0;other
393382011354;2;1;3,93382E+11;other
393382011356;2;1;3,93382E+11;other
393382011358;13;2;0;other
393382011371;2;1;3,93382E+11;other
393382011373;3;1;3,93382E+11;other
393382011376;2;1;3,93382E+11;other
393382011378;3;2;0;other
393382011381;16;2;0;other
393382011397;6;2;0;other
393382011403;2;1;3,93382E+11;other
393382011405;2;1;3,93382E+11;other
393382011407;3;2;0;other
393382011410;2;2;0;booked-doctor
393382011412;3;1;3,93382E+11;other
393382011415;2;1;3,93382E+11;other
393382011417;3;1;3,93382E+11;other
393382011420;3;2;0;other
393382011423;2;2;0;booked-user
393382011425;3;1;3,93382E+11;other
393382011428;2;1;3,93382E+11;other
393382011430;3;1;3,93382E+11;other
393382011433;2;1;3,93382E+11;other
393382011435;2;1;3,93382E+11;other
393382011437;3;2;0;other
393382011440;2;1;3,93382E+11;other
393382011442;2;1;3,93382E+11;other
393382011444;2;2;0;booked-user
393382011446;3;2;0;other
393382011449;2;2;0;booked-user
393382011451;2;1;3,93382E+11;other
393382011453;2;2;0;booked-user
393382011455;5;1;3,93382E+11;other
393382011460;2;2;0;booked-user
393382011462;2;1;3,93382E+11;other
393382011464;2;1;3,93382E+11;other
393382011466;3;1;3,93382E+11;other
393382011469;4;2;0;other
393382011473;2;2;0;booked-user
393382011475;2;1;3,93382E+11;other
393382011477;2;1;3,93382E+11;other
393382011479;2;1;3,93382E+11;other
393382011481;3;2;0;other
393382011484;3;1;3,93382E+11;other
393382011487;2;1;3,93382E+11;other
393382011489;2;1;3,93382E+11;other
393382011491;2;1;3,93382E+11;other
393382011493;3;1;3,93382E+11;other
393382011496;2;1;3,93382E+11;other
393382011498;2;1;3,93382E+11;other
393382011500;3;2;0;other
393382011503;2;1;3,93382E+11;other
393382011505;2;2;0;booked-user
393382011507;2;1;3,93382E+11;other
393382011509;3;1;3,93382E+11;other
393382011512;6;2;0;other
393382011518;6;2;0;other
393382011524;2;1;3,93382E+11;other
393382011526;4;2;0;other
393382011530;2;1;3,93382E+11;other
393382011532;2;2;0;booked-user
393382011534;6;1;3,93382E+11;other
393382011540;3;1;3,93382E+11;other
393382011543;2;1;3,93382E+11;other
393382011545;5;2;0;other
393382011550;2;1;3,93382E+11;other
393382011552;3;2;0;other
393382011555;5;2;0;other
393382011560;9;2;0;other
393382011569;2;1;3,93382E+11;other
393382011571;2;2;0;booked-user
393382011573;2;1;3,93382E+11;other
393382011575;3;2;0;other
393382011578;2;1;3,93382E+11;other
393382011580;2;1;3,93382E+11;other
393382011582;3;1;3,93382E+11;other
393382011585;2;1;3,93382E+11;other
393382011587;2;1;3,93382E+11;other
393382011589;2;1;3,93382E+11;other
393382011591;2;1;3,93382E+11;other
393382011593;4;1;3,93382E+11;other
393382011597;2;1;3,93382E+11;other
393382011599;4;2;0;other
393382011603;2;2;0;booked-doctor
393382011605;4;1;3,93382E+11;other
393382011609;6;2;0;other
393382011615;2;2;0;booked-user
393382011617;2;1;3,93382E+11;other
393382011619;5;2;0;other
393382011624;4;2;0;other
393382011628;2;1;3,93382E+11;other
393382011630;2;1;3,93382E+11;other
393382011632;2;2;0;booked-user
393382011634;3;1;3,93382E+11;other
393382011637;2;2;0;booked-user
393382011639;2;2;0;booked-user
393382011641;4;2;0;other
393382011645;2;2;0;booked-user
393382011647;2;1;3,93382E+11;other
393382011649;2;1;3,93382E+11;other
393382011651;3;2;0;other
393382011654;2;2;0;booked-user
393382011656;2;2;0;booked-user
393382011658;2;1;3,93382E+11;other
393382011660;3;1;3,93382E+11;other
393382011663;6;2;0;other
393382011669;2;1;3,93382E+11;other
393382011671;2;2;0;booked-user
393382011673;2;1;3,93382E+11;other
393382011675;6;2;0;other
393382011681;3;1;3,93382E+11;other
393382011684;4;2;0;other
393382011688;3;2;0;other
393382011691;4;2;0;other
393382011695;2;1;3,93382E+11;other
393382011697;2;1;3,93382E+11;other
393382011699;2;1;3,93382E+11;other
393382011701;2;2;0;booked-user
393382011703;2;1;3,93382E+11;other
393382011705;2;1;3,93382E+11;other
393382011707;2;2;0;booked-user
393382011709;2;1;3,93382E+11;other
393382011711;6;2;0;other
393382011717;2;1;3,93382E+11;other
393382011719;7;1;3,93382E+11;other
393382011726;3;2;0;other
393382011729;5;2;0;other
393382011734;2;2;0;booked-user
393382011736;2;2;0;booked-doctor
393382011738;3;2;0;other
393382011741;2;2;0;booked-user
393382011743;3;2;0;other
393382011746;4;2;0;other
393382011750;2;2;0;booked-user
393382011752;3;2;0;other
393382011755;4;2;0;other
393382011759;2;1;3,93382E+11;other
393382011761;3;2;0;other
393382011764;2;1;3,93382E+11;other
393382011766;10;2;0;other
393382011776;2;1;3,93382E+11;other
393382011778;4;1;3,93382E+11;other
393382011782;2;2;0;booked-user
393382011784;2;1;3,93382E+11;other
393382011786;2;1;3,93382E+11;other
393382011788;2;1;3,93382E+11;other
393382011790;2;2;0;booked-user
393382011792;4;2;0;other
393382011796;2;1;3,93382E+11;other
393382011798;3;2;0;other
393382011801;2;2;0;booked-user
393382011803;2;1;3,93382E+11;other
393382011805;3;2;0;other
393382011808;3;1;3,93382E+11;other
393382011811;3;1;3,93382E+11;other
393382011814;2;2;0;booked-user
393382011816;2;1;3,93382E+11;other
393382011818;2;1;3,93382E+11;other
393382011820;16;2;0;other
393382011836;7;2;0;other
393382011843;2;1;3,93382E+11;other
393382011845;2;2;0;booked-doctor
393382011847;3;2;0;other
393382011850;7;2;0;other
393382011857;2;2;0;booked-user
393382011859;3;2;0;other
393382011862;2;2;0;booked-user
393382011864;2;2;0;booked-doctor
393382011866;2;1;3,93382E+11;other
393382011868;2;1;3,93382E+11;other
393382011870;3;2;0;other
393382011873;3;2;0;other
393382011876;2;2;0;booked-user
393382011878;2;1;3,93382E+11;other
393382011880;2;2;0;booked-user
393382011882;3;2;0;other
393382011885;3;2;0;other
393382011888;3;2;0;other
393382011891;2;2;0;booked-doctor
393382011893;2;2;0;booked-user
393382011895;4;1;3,93382E+11;other
393382011899;8;2;0;other
393382011907;2;1;3,93382E+11;other
393382011909;5;2;0;other
393382011914;2;2;0;booked-user
393382011916;2;2;0;booked-user
393382011918;4;2;0;other
393382011922;4;1;3,93382E+11;other
393382011926;2;2;0;booked-user
393382011928;4;2;0;other
393382011932;2;1;3,93382E+11;other
393382011934;2;1;3,93382E+11;other
393382011936;2;1;3,93382E+11;other
393382011938;7;2;0;other
393382011945;2;1;3,93382E+11;other
393382011947;4;2;0;other
393382011951;3;1;3,93382E+11;other
393382011954;2;2;0;booked-user
393382011956;2;2;0;booked-user
393382011958;4;1;3,93382E+11;other
393382011962;8;1;3,93382E+11;other
393382011970;2;1;3,93382E+11;other
393382011972;2;2;0;booked-user
393382011974;2;2;0;booked-user
393382011976;2;1;3,93382E+11;other
393382011978;2;2;0;booked-user
393382011980;2;2;0;booked-user
393382011982;4;2;0;other
393382011986;2;2;0;booked-user
393382011988;2;2;0;booked-user
393382011990;2;1;3,93382E+11;other
393382011992;2;1;3,93382E+11;other
393382011994;3;2;0;other
393382011997;3;2;0;other
393382012000;2;1;3,93382E+11;other
393382012002;3;1;3,93382E+11;other
393382012005;9;2;0;other
393382012014;5;2;0;other
393382012019;2;1;3,93382E+11;other
393382012021;2;1;3,93382E+11;other
393382012023;2;1;3,93382E+11;other
393382012025;2;1;3,93382E+11;other
393382012027;9;2;0;other
393382012036;3;2;0;other
393382012039;2;1;3,93382E+11;other
393382012041;4;2;0;other
393382012045;2;2;0;booked-user
393382012047;2;1;3,93382E+11;other
393382012049;3;2;0;other
393382012052;2;2;0;booked-user
393382012054;3;1;3,93382E+11;other
393382012057;4;2;0;other
393382012061;2;2;0;booked-user
393382012063;3;1;3,93382E+11;other
393382012066;4;2;0;other
393382012070;2;1;3,93382E+11;other
393382012072;4;2;0;other
393382012076;2;1;3,93382E+11;other
393382012078;2;1;3,93382E+11;other
393382012080;2;1;3,93382E+11;other
393382012082;8;2;0;other
393382012090;2;1;3,93382E+11;other
393382012092;2;2;0;booked-user
393382012094;3;2;0;other
393382012097;2;2;0;booked-user
393382012099;2;1;3,93382E+11;other
393382012101;2;2;0;booked-user
393382012103;2;1;3,93382E+11;other
393382012105;3;2;0;other
393382012108;12;2;0;other
393382012120;2;2;0;booked-user
393382012122;2;1;3,93382E+11;other
393382012124;3;2;0;other
393382012127;2;1;3,93382E+11;other
393382012129;5;1;3,93382E+11;other
393382012134;3;2;0;other
393382012137;2;1;3,93382E+11;other
393382012139;4;2;0;other
393382012143;11;2;0;other
393382012154;2;1;3,93382E+11;other
393382012156;4;2;0;other
393382012160;6;2;0;other
393382012166;3;1;3,93382E+11;other
393382012169;3;2;0;other
393382012172;2;1;3,93382E+11;other
393382012174;2;2;0;booked-user
393382012176;2;2;0;booked-user
393382012178;2;1;3,93382E+11;other
393382012180;2;1;3,93382E+11;other
393382012182;2;1;3,93382E+11;other
393382012184;3;2;0;other
393382012187;2;1;3,93382E+11;other
393382012189;7;2;0;other
393382012196;2;2;0;booked-user
393382012198;2;1;3,93382E+11;other
393382012200;2;2;0;
393382012202;2;1;3,93382E+11;other
393382012204;4;2;0;other
393382012208;5;2;0;other
393382012213;6;2;0;other
393382012219;2;1;3,93382E+11;other
393382012221;2;1;3,93382E+11;other
393382012223;3;2;0;other
393382012226;3;1;3,93382E+11;other
393382012229;2;1;3,93382E+11;other
393382012231;2;1;3,93382E+11;other
393382012233;2;1;3,93382E+11;other
393382012235;5;2;0;other
393382012240;2;2;0;booked-user
393382012242;11;2;0;other
393382012253;5;2;0;other
393382012258;2;2;0;booked-user
393382012260;5;2;0;other
393382012265;2;1;3,93382E+11;other
393382012267;2;2;0;booked-user
393382012269;4;2;0;other
393382012273;2;1;3,93382E+11;other
393382012275;2;1;3,93382E+11;other
393382012277;8;2;0;other
393382012285;3;2;0;other
393382012288;5;2;0;other
393382012293;6;2;0;other
393382012299;20;2;0;other
393382012319;2;2;0;booked-user
393382012321;3;2;0;other
393382012324;3;1;3,93382E+11;other
393382012327;3;2;0;other
393382012330;3;2;0;other
393382012333;2;1;3,93382E+11;other
393382012335;2;1;3,93382E+11;other
393382012337;7;2;0;other
393382012344;2;1;3,93382E+11;other
393382012346;2;2;0;booked-user
393382012348;3;2;0;other
393382012351;5;2;0;other
393382012356;3;2;0;other
393382012359;3;1;3,93382E+11;other
393382012362;2;1;3,93382E+11;other
393382012364;3;1;3,93382E+11;other
393382012367;10;2;0;other
393382012377;2;1;3,93382E+11;other
393382012379;2;2;0;booked-doctor
393382012381;3;1;3,93382E+11;other
393382012384;4;2;0;other
393382012388;2;1;3,93382E+11;other
393382012390;17;2;0;other
393382012407;4;2;0;other
393382012411;2;2;0;booked-user
393382012413;2;2;0;booked-user
393382012415;5;2;0;other
393382012420;2;1;3,93382E+11;other
393382012422;3;2;0;other
393382012425;6;1;3,93382E+11;other
393382012431;2;2;0;booked-user
393382012433;2;1;3,93382E+11;other
393382012435;6;2;0;other
393382012441;5;2;0;other
393382012446;8;2;0;other
393382012454;2;2;0;booked-user
393382012456;2;1;3,93382E+11;other
393382012458;3;1;3,93382E+11;other
393382012461;2;2;0;booked-user
393382012463;8;2;0;other
393382012471;3;2;0;other
393382012474;2;1;3,93382E+11;other
393382012476;2;1;3,93382E+11;other
393382012478;3;2;0;other
393382012481;5;2;0;other
393382012486;5;2;0;other
393382012491;2;1;3,93382E+11;other
393382012493;2;2;0;booked-user
393382012495;2;2;0;booked-user
393382012497;2;2;0;booked-user
393382012499;2;1;3,93382E+11;other
393382012501;2;1;3,93382E+11;other
393382012503;2;2;0;booked-user
393382012505;4;1;3,93382E+11;other
393382012509;3;1;3,93382E+11;other
393382012512;2;1;3,93382E+11;other
393382012514;3;1;3,93382E+11;other
393382012517;2;2;0;booked-user
393382012519;2;1;3,93382E+11;other
393382012521;4;1;3,93382E+11;other
393382012525;2;2;0;booked-user
393382012527;2;1;3,93382E+11;other
393382012529;7;1;3,93382E+11;other
393382012536;4;2;0;other
393382012540;15;2;0;other
393382012555;4;1;3,93382E+11;other
393382012559;3;1;3,93382E+11;other
393382012562;2;2;0;booked-doctor
393382012564;2;1;3,93382E+11;other
393382012566;2;1;3,93382E+11;other
393382012568;2;1;3,93382E+11;other
393382012570;3;2;0;other
393382012573;2;1;3,93382E+11;other
393382012575;2;1;3,93382E+11;other
393382012577;4;2;0;other
393382012581;2;1;3,93382E+11;other
393382012583;3;2;0;other
393382012586;2;1;3,93382E+11;other
393382012588;2;1;3,93382E+11;other
393382012590;4;2;0;other
393382012594;2;2;0;booked-user
393382012596;5;2;0;other
393382012601;2;2;0;booked-doctor
393382012603;4;2;0;other
393382012607;2;2;0;booked-user
393382012609;4;2;0;other
393382012613;2;2;0;booked-user
393382012615;2;2;0;booked-user
393382012617;2;2;0;booked-user
393382012619;5;1;3,93382E+11;other
393382012624;2;2;0;booked-user
393382012626;2;1;3,93382E+11;other
393382012628;4;2;0;other
393382012632;2;2;0;booked-user
393382012634;8;2;0;other
393382012642;9;2;0;other
393382012651;2;2;0;booked-user
393382012653;3;2;0;other
393382012656;10;2;0;other
393382012666;2;1;3,93382E+11;other
393382012668;3;2;0;other
393382012671;4;2;0;other
393382012675;2;1;3,93382E+11;other
393382012677;2;1;3,93382E+11;other
393382012679;4;1;3,93382E+11;other
393382012683;2;1;3,93382E+11;other
393382012685;2;1;3,93382E+11;other
393382012687;2;1;3,93382E+11;other
393382012689;3;1;3,93382E+11;other
393382012692;3;2;0;other
393382012695;2;1;3,93382E+11;other
393382012697;2;1;3,93382E+11;other
393382012699;2;2;0;booked-user
393382012701;2;1;3,93382E+11;other
393382012703;2;1;3,93382E+11;other
393382012705;4;2;0;other
393382012709;3;1;3,93382E+11;other
393382012712;3;1;3,93382E+11;other
393382012715;2;2;0;booked-user
393382012717;2;2;0;booked-doctor
393382012719;6;2;0;other
393382012725;3;1;3,93382E+11;other
393382012728;2;1;3,93382E+11;other
393382012730;2;1;3,93382E+11;other
393382012732;2;2;0;booked-user
393382012734;5;2;0;other
393382012739;2;2;0;booked-user
393382012741;6;2;0;other
393382012747;2;2;0;booked-user
393382012749;5;1;3,93382E+11;other
393382012754;3;2;0;other
393382012757;2;2;0;booked-user
393382012759;2;1;3,93382E+11;other
393382012761;14;2;0;other
393382012775;2;2;0;booked-user
393382012777;7;2;0;other
393382012784;2;2;0;booked-user
393382012786;2;1;3,93382E+11;other
393382012788;2;2;0;booked-user
393382012790;2;2;0;booked-user
393382012792;13;2;0;other
393382012805;2;1;3,93382E+11;other
393382012807;5;2;0;other
393382012812;2;1;3,93382E+11;other
393382012814;2;1;3,93382E+11;other
393382012816;5;2;0;other
393382012821;2;1;3,93382E+11;other
393382012823;2;1;3,93382E+11;other
393382012825;4;2;0;other
393382012829;3;1;3,93382E+11;other
393382012832;2;1;3,93382E+11;other
393382012834;3;2;0;other
393382012837;7;2;0;other
393382012844;2;1;3,93382E+11;other
393382012846;2;1;3,93382E+11;other
393382012848;2;2;0;booked-doctor
393382012850;2;1;3,93382E+11;other
393382012852;2;1;3,93382E+11;other
393382012854;2;1;3,93382E+11;other
393382012856;2;1;3,93382E+11;other
393382012858;2;1;3,93382E+11;other
393382012860;4;2;0;other
393382012864;2;1;3,93382E+11;other
393382012866;6;2;0;other
393382012872;2;1;3,93382E+11;other
393382012874;2;2;0;booked-doctor
393382012876;2;1;3,93382E+11;other
393382012878;2;2;0;booked-user
393382012880;2;2;0;booked-user
393382012882;4;2;0;other
393382012886;2;1;3,93382E+11;other
393382012888;4;1;3,93382E+11;other
393382012892;2;1;3,93382E+11;other
393382012894;4;2;0;other
393382012898;2;1;3,93382E+11;other
393382012900;2;1;3,93382E+11;other
393382012902;3;2;0;other
393382012905;2;2;0;booked-user
393382012907;3;2;0;other
393382012910;3;2;0;other
393382012913;3;1;3,93382E+11;other
393382012916;2;2;0;booked-user
393382012918;2;1;3,93382E+11;other
393382012920;10;2;0;other
393382012930;2;1;3,93382E+11;other
393382012932;2;2;0;booked-user
393382012934;2;1;3,93382E+11;other
393382012936;2;1;3,93382E+11;other
393382012938;2;1;3,93382E+11;other
393382012940;3;2;0;other
393382012943;2;2;0;booked-user
393382012945;2;2;0;booked-user
393382012947;2;1;3,93382E+11;other
393382012949;3;2;0;other
393382012952;3;1;3,93382E+11;other
393382012955;3;2;0;other
393382012958;2;1;3,93382E+11;other
393382012960;2;2;0;booked-user
393382012962;2;2;0;booked-user
393382012964;3;1;3,93382E+11;other
393382012967;2;1;3,93382E+11;other
393382012969;2;1;3,93382E+11;other
393382012971;2;2;0;booked-doctor
393382012973;2;1;3,93382E+11;other
393382012975;3;2;0;other
393382012978;2;2;0;booked-user
393382012980;2;1;3,93382E+11;other
393382012982;4;2;0;other
393382012986;2;1;3,93382E+11;other
393382012988;5;2;0;other
393382012993;2;2;0;booked-user
393382012995;5;2;0;other
393382013000;3;2;0;other
393382013003;4;2;0;other
393382013007;2;2;0;booked-user
393382013009;3;1;3,93382E+11;other
393382013012;4;1;3,93382E+11;other
393382013016;5;2;0;other
393382013021;3;1;3,93382E+11;other
393382013024;9;2;0;other
393382013033;2;1;3,93382E+11;other
393382013035;7;2;0;other
393382013042;4;1;3,93382E+11;other
393382013046;2;1;3,93382E+11;other
393382013048;2;1;3,93382E+11;other
393382013050;5;2;0;other
393382013055;6;2;0;other
393382013061;2;2;0;booked-user
393382013063;2;1;3,93382E+11;other
393382013065;2;1;3,93382E+11;other
393382013067;5;2;0;other
393382013072;6;2;0;other
393382013078;2;2;0;booked-user
393382013080;2;2;0;booked-doctor
393382013082;2;1;3,93382E+11;other
393382013084;2;2;0;booked-user
393382013086;4;1;3,93382E+11;other
393382013090;3;2;0;other
393382013093;2;1;3,93382E+11;other
393382013095;2;1;3,93382E+11;other
393382013097;2;1;3,93382E+11;other
393382013099;2;1;3,93382E+11;other
393382013101;2;1;3,93382E+11;other
393382013103;2;1;3,93382E+11;other
393382013105;5;2;0;other
393382013110;3;2;0;other
393382013113;4;2;0;other
393382013117;2;1;3,93382E+11;other
393382013119;2;1;3,93382E+11;other
393382013121;4;2;0;other
393382013125;2;1;3,93382E+11;other
393382013127;2;2;0;booked-user
393382013129;3;2;0;other
393382013132;2;1;3,93382E+11;other
393382013134;4;2;0;other
393382013138;2;2;0;booked-user
393382013140;2;1;3,93382E+11;other
393382013142;9;2;0;other
393382013151;2;1;3,93382E+11;other
393382013153;2;1;3,93382E+11;other
393382013155;3;1;3,93382E+11;other
393382013158;2;1;3,93382E+11;other
393382013160;7;2;0;other
393382013167;2;2;0;booked-user
393382013169;2;2;0;booked-doctor
393382013171;4;1;3,93382E+11;other
393382013175;3;2;0;other
393382013178;2;1;3,93382E+11;other
393382013180;7;2;0;other
393382013187;3;2;0;other
393382013190;3;2;0;other
393382013193;3;1;3,93382E+11;other
393382013196;3;2;0;other
393382013199;2;2;0;booked-user
393382013201;2;1;3,93382E+11;other
393382013203;3;2;0;other
393382013206;2;1;3,93382E+11;other
393382013208;4;2;0;other
393382013212;2;2;0;booked-user
393382013214;2;2;0;booked-doctor
393382013216;3;2;0;other
393382013219;4;2;0;other
393382013223;2;2;0;booked-user
393382013225;2;1;3,93382E+11;other
393382013227;3;2;0;other
393382013230;2;1;3,93382E+11;other
393382013232;2;2;0;booked-user
393382013234;2;1;3,93382E+11;other
393382013236;8;2;0;other
393382013244;2;1;3,93382E+11;other
393382013246;5;1;3,93382E+11;other
393382013251;4;1;3,93382E+11;other
393382013255;11;2;0;other
393382013266;2;1;3,93382E+11;other
393382013268;2;2;0;booked-user
393382013270;3;1;3,93382E+11;other
393382013273;2;1;3,93382E+11;other
393382013275;2;2;0;booked-user
393382013277;11;2;0;other
393382013288;3;1;3,93382E+11;other
393382013291;4;2;0;other
393382013295;11;2;0;other
393382013306;2;2;0;booked-user
393382013308;2;2;0;booked-user
393382013310;3;2;0;other
393382013313;4;2;0;other
393382013317;5;2;0;other
393382013322;2;1;3,93382E+11;other
393382013324;2;1;3,93382E+11;other
393382013326;2;2;0;booked-doctor
393382013328;2;2;0;booked-user
393382013330;2;1;3,93382E+11;other
393382013332;2;1;3,93382E+11;other
393382013334;2;2;0;booked-user
393382013336;2;1;3,93382E+11;other
393382013338;3;2;0;other
393382013341;4;2;0;other
393382013345;2;1;3,93382E+11;other
393382013347;5;1;3,93382E+11;other
393382013352;2;2;0;booked-user
393382013354;2;1;3,93382E+11;other
393382013356;3;2;0;other
393382013359;2;2;0;booked-user
393382013361;3;1;3,93382E+11;other
393382013364;3;2;0;other
393382013367;3;1;3,93382E+11;other
393382013370;6;2;0;other
393382013376;2;2;0;booked-user
393382013378;3;1;3,93382E+11;other
393382013381;4;2;0;other
393382013385;2;2;0;booked-doctor
393382013387;4;1;3,93382E+11;other
393382013391;3;2;0;other
393382013394;2;2;0;booked-user
393382013396;6;2;0;other
393382013402;3;1;3,93382E+11;other
393382013405;2;1;3,93382E+11;other
393382013407;4;1;3,93382E+11;other
393382013411;2;2;0;booked-user
393382013413;7;2;0;other
393382013420;2;1;3,93382E+11;other
393382013422;2;2;0;booked-user
393382013424;2;2;0;booked-user
393382013426;2;1;3,93382E+11;other
393382013428;3;2;0;other
393382013431;5;2;0;other
393382013436;3;2;0;other
393382013439;2;2;0;booked-user
393382013441;2;2;0;booked-user
393382013443;2;1;3,93382E+11;other
393382013445;2;1;3,93382E+11;other
393382013447;2;2;0;booked-user
393382013449;10;2;0;other
393382013459;3;2;0;other
393382013462;2;2;0;booked-user
393382013464;2;2;0;booked-user
393382013466;2;1;3,93382E+11;other
393382013468;2;1;3,93382E+11;other
393382013470;2;1;3,93382E+11;other
393382013472;2;1;3,93382E+11;other
393382013474;2;2;0;booked-user
393382013476;6;2;0;other
393382013482;11;2;0;other
393382013493;2;2;0;booked-user
393382013495;3;2;0;other
393382013498;2;1;3,93382E+11;other
393382013500;3;2;0;other
393382013503;3;1;3,93382E+11;other
393382013506;2;1;3,93382E+11;other
393382013508;3;1;3,93382E+11;other
393382013511;6;2;0;other
393382013517;2;1;3,93382E+11;other
393382013519;2;1;3,93382E+11;other
393382013521;2;2;0;booked-user
393382013523;2;1;3,93382E+11;other
393382013525;2;1;3,93382E+11;other
393382013527;7;2;0;other
393382013534;3;2;0;other
393382013537;2;2;0;booked-user
393382013539;6;1;3,93382E+11;other
393382013545;2;2;0;booked-user
393382013547;2;1;3,93382E+11;other
393382013549;2;2;0;booked-user
393382013551;6;2;0;other
393382013557;2;2;0;booked-user
393382013559;6;2;0;other
393382013565;16;2;0;other
393382013581;11;2;0;other
393382013592;2;1;3,93382E+11;other
393382013594;6;2;0;other
393382013600;2;1;3,93382E+11;other
393382013602;3;2;0;other
393382013605;2;1;3,93382E+11;other
393382013607;2;1;3,93382E+11;other
393382013609;3;1;3,93382E+11;other
393382013612;2;1;3,93382E+11;other
393382013614;2;2;0;booked-user
393382013616;2;2;0;booked-user
393382013618;4;1;3,93382E+11;other
393382013622;4;2;0;other
393382013626;2;1;3,93382E+11;other
393382013628;2;1;3,93382E+11;other
393382013630;4;2;0;other
393382013634;3;2;0;other
393382013637;2;2;0;booked-doctor
393382013639;3;2;0;other
393382013642;6;2;0;other
393382013648;2;1;3,93382E+11;other
393382013650;2;1;3,93382E+11;other
393382013652;3;2;0;other
393382013655;6;2;0;other
393382013661;11;2;0;other
393382013672;4;2;0;other
393382013676;4;2;0;other
393382013680;5;2;0;other
393382013685;7;2;0;other
393382013692;2;1;3,93382E+11;other
393382013694;3;2;0;other
393382013697;3;2;0;other
393382013700;6;2;0;other
393382013706;2;1;3,93382E+11;other
393382013708;3;2;0;other
393382013711;2;2;0;booked-user
393382013713;3;1;3,93382E+11;other
393382013716;2;1;3,93382E+11;other
393382013718;10;2;0;other
393382013728;2;1;3,93382E+11;other
393382013730;3;2;0;other
393382013733;2;1;3,93382E+11;other
393382013735;17;2;0;other
393382013752;2;1;3,93382E+11;other
393382013754;2;1;3,93382E+11;other
393382013756;11;2;0;other
393382013767;5;2;0;other
393382013772;15;2;0;other
393382013787;3;1;3,93382E+11;other
393382013790;3;1;3,93382E+11;other
393382013793;6;2;0;other
393382013799;2;2;0;booked-user
393382013801;2;1;3,93382E+11;other
393382013803;2;2;0;booked-user
393382013805;2;1;3,93382E+11;other
393382013807;3;2;0;other
393382013810;2;2;0;booked-user
393382013812;7;2;0;other
393382013819;3;2;0;other
393382013822;2;1;3,93382E+11;other
393382013824;2;1;3,93382E+11;other
393382013826;4;2;0;other
393382013830;3;2;0;other
393382013833;4;2;0;other
393382013837;2;1;3,93382E+11;other
393382013839;4;2;0;other
393382013843;2;1;3,93382E+11;other
393382013845;2;2;0;booked-user
393382013847;4;2;0;other
393382013851;3;2;0;other
393382013854;2;2;0;booked-user
393382013856;3;2;0;other
393382013859;5;2;0;other
393382013864;2;1;3,93382E+11;other
393382013866;7;2;0;other
393382013873;15;2;0;other
393382013888;2;2;0;booked-user
393382013890;12;2;0;other
393382013902;17;2;0;other
393382013919;8;2;0;other
393382013927;4;2;0;other
393382013931;2;1;3,93382E+11;other
393382013933;2;2;0;booked-user
393382013935;4;2;0;other
393382013939;2;1;3,93382E+11;other
393382013941;4;2;0;other
393382013945;2;1;3,93382E+11;other
393382013947;6;2;0;other
393382013953;7;2;0;other
393382013960;2;1;3,93382E+11;other
393382013962;6;2;0;other
393382013968;4;2;0;other
393382013972;7;2;0;other
393382013979;2;2;0;booked-user
393382013981;2;2;0;booked-user
393382013983;2;2;0;booked-user
393382013985;2;1;3,93382E+11;other
393382013987;3;1;3,93382E+11;other
393382013990;2;1;3,93382E+11;other
393382013992;2;2;0;booked-doctor
393382013994;18;2;0;other
393382014012;2;2;0;booked-user
393382014014;2;2;0;booked-user
393382014016;2;1;3,93382E+11;other
393382014018;2;1;3,93382E+11;other
393382014020;2;1;3,93382E+11;other
393382014022;2;2;0;booked-user
393382014024;2;1;3,93382E+11;other
393382014026;2;1;3,93382E+11;other
393382014028;6;2;0;other
393382014034;2;1;3,93382E+11;other
393382014036;2;2;0;booked-user
393382014038;3;1;3,93382E+11;other
393382014041;2;1;3,93382E+11;other
393382014043;3;2;0;other
393382014046;4;2;0;other
393382014050;3;2;0;other
393382014053;4;2;0;other
393382014057;3;2;0;other
393382014060;3;2;0;other
393382014063;16;2;0;other
393382014079;2;2;0;booked-user
393382014081;3;2;0;other
393382014084;2;2;0;booked-user
393382014086;2;1;3,93382E+11;other
393382014088;4;2;0;other
393382014092;3;1;3,93382E+11;other
393382014095;5;1;3,93382E+11;other
393382014100;2;1;3,93382E+11;other
393382014102;2;1;3,93382E+11;other
393382014104;3;2;0;other
393382014107;2;1;3,93382E+11;other
393382014109;2;1;3,93382E+11;other
393382014111;6;2;0;other
393382014117;2;1;3,93382E+11;other
393382014119;4;2;0;other
393382014123;2;2;0;booked-user
393382014125;2;2;0;booked-user
393382014127;2;1;3,93382E+11;other
393382014129;2;1;3,93382E+11;other
393382014131;2;1;3,93382E+11;other
393382014133;8;2;0;other
393382014141;17;1;3,93382E+11;other
393382014158;2;1;3,93382E+11;other
393382014160;12;2;0;other
393382014172;3;2;0;other
393382014175;2;1;3,93382E+11;other
393382014177;2;1;3,93382E+11;other
393382014179;2;1;3,93382E+11;other
393382014181;4;2;0;other
393382014185;2;1;3,93382E+11;other
393382014187;2;1;3,93382E+11;other
393382014189;5;2;0;other
393382014194;4;1;3,93382E+11;other
393382014198;5;2;0;other
393382014203;3;2;0;other
393382014206;3;2;0;other
393382014209;2;1;3,93382E+11;other
393382014211;3;2;0;other
393382014214;3;2;0;other
393382014217;5;2;0;other
393382014222;4;2;0;other
393382014226;2;1;3,93382E+11;other
393382014228;2;2;0;booked-user
393382014230;2;1;3,93382E+11;other
393382014232;4;2;0;other
393382014236;2;2;0;booked-user
393382014238;2;1;3,93382E+11;other
393382014240;3;1;3,93382E+11;other
393382014243;4;2;0;other
393382014247;8;2;0;other
393382014255;2;1;3,93382E+11;other
393382014257;2;1;3,93382E+11;other
393382014259;2;1;3,93382E+11;other
393382014261;2;1;3,93382E+11;other
393382014263;4;1;3,93382E+11;other
393382014267;2;1;3,93382E+11;other
393382014269;2;1;3,93382E+11;other
393382014271;2;1;3,93382E+11;other
393382014273;5;2;0;other
393382014278;2;1;3,93382E+11;other
393382014280;9;2;0;other
393382014289;7;2;0;other
393382014296;3;2;0;other
393382014299;3;1;3,93382E+11;other
393382014302;3;2;0;other
393382014305;5;2;0;other
393382014310;4;2;0;other
393382014314;2;1;3,93382E+11;other
393382014316;2;2;0;booked-user
393382014318;2;2;0;booked-user
393382014320;2;2;0;booked-user
393382014322;7;1;3,93382E+11;other
393382014329;3;2;0;other
393382014332;2;1;3,93382E+11;other
393382014334;4;2;0;other
393382014338;10;2;0;other
393382014348;3;2;0;other
393382014351;3;2;0;other
393382014354;2;1;3,93382E+11;other
393382014356;2;2;0;booked-user
393382014358;3;2;0;other
393382014361;6;2;0;other
393382014367;2;2;0;booked-user
393382014369;5;2;0;other
393382014374;3;2;0;other
393382014377;3;2;0;other
393382014380;10;2;0;other
393382014390;2;2;0;booked-user
393382014392;2;1;3,93382E+11;other
393382014394;2;2;0;booked-user
393382014396;2;1;3,93382E+11;other
393382014398;4;2;0;other
393382014402;2;1;3,93382E+11;other
393382014404;2;1;3,93382E+11;other
393382014406;3;2;0;other
393382014409;2;1;3,93382E+11;other
393382014411;3;2;0;other
393382014414;2;2;0;booked-user
393382014416;2;2;0;booked-user
393382014418;2;1;3,93382E+11;other
393382014420;2;2;0;booked-user
393382014422;3;2;0;other
393382014425;7;1;3,93382E+11;other
393382014432;3;2;0;other
393382014435;2;1;3,93382E+11;other
393382014437;2;2;0;booked-user
393382014439;2;1;3,93382E+11;other
393382014441;14;2;0;other
393382014455;2;1;3,93382E+11;other
393382014457;2;1;3,93382E+11;other
393382014459;2;1;3,93382E+11;other
393382014461;2;1;3,93382E+11;other
393382014463;2;2;0;booked-user
393382014465;7;1;3,93382E+11;other
393382014472;2;2;0;booked-user
393382014474;4;2;0;other
393382014478;2;2;0;booked-user
393382014480;2;2;0;booked-user
393382014482;4;2;0;other
393382014486;3;1;3,93382E+11;other
393382014489;2;1;3,93382E+11;other
393382014491;2;2;0;booked-user
393382014493;3;2;0;other
393382014496;2;2;0;booked-user
393382014498;2;2;0;booked-user
393382014500;4;1;3,93382E+11;other
393382014504;4;2;0;other
393382014508;2;1;3,93382E+11;other
393382014510;2;2;0;booked-doctor
393382014512;2;2;0;booked-user
393382014514;9;2;0;other
393382014523;5;2;0;other
393382014528;2;2;0;booked-user
393382014530;5;2;0;other
393382014535;2;1;3,93382E+11;other
393382014537;3;2;0;other
393382014540;3;2;0;other
393382014543;2;1;3,93382E+11;other
393382014545;2;2;0;booked-user
393382014547;3;2;0;other
393382014550;2;2;0;booked-user
393382014552;3;2;0;other
393382014555;2;1;3,93382E+11;other
393382014557;2;2;0;booked-user
393382014559;3;2;0;other
393382014562;2;2;0;booked-doctor
393382014564;7;2;0;other
393382014571;2;1;3,93382E+11;other
393382014573;2;2;0;booked-user
393382014575;2;2;0;booked-user
393382014577;2;2;0;booked-user
393382014579;2;1;3,93382E+11;other
393382014581;2;1;3,93382E+11;other
393382014583;3;2;0;other
393382014586;2;1;3,93382E+11;other
393382014588;3;2;0;other
393382014591;2;1;3,93382E+11;other
393382014593;2;2;0;booked-user
393382014595;10;2;0;other
393382014605;2;1;3,93382E+11;other
393382014607;2;1;3,93382E+11;other
393382014609;2;2;0;booked-user
393382014611;3;1;3,93382E+11;other
393382014614;3;2;0;other
393382014617;2;1;3,93382E+11;other
393382014619;2;1;3,93382E+11;other
393382014621;3;2;0;other
393382014624;2;1;3,93382E+11;other
393382014626;2;2;0;booked-user
393382014628;3;2;0;other
393382014631;2;1;3,93382E+11;other
393382014633;2;2;0;booked-user
393382014635;4;1;3,93382E+11;other
393382014639;2;2;0;booked-user
393382014641;3;2;0;other
393382014644;6;2;0;other
393382014650;3;2;0;other
393382014653;2;2;0;booked-user
393382014655;4;2;0;other
393382014659;10;2;0;other
393382014669;2;2;0;booked-user
393382014671;4;2;0;other
393382014675;3;2;0;other
393382014678;2;1;3,93382E+11;other
393382014680;2;2;0;booked-user
393382014682;2;1;3,93382E+11;other
393382014684;3;2;0;other
393382014687;3;2;0;other
393382014690;10;2;0;other
393382014700;2;2;0;booked-user
393382014702;2;1;3,93382E+11;other
393382014704;4;2;0;other
393382014708;2;1;3,93382E+11;other
393382014710;2;1;3,93382E+11;other
393382014712;2;1;3,93382E+11;other
393382014714;2;1;3,93382E+11;other
393382014716;6;1;3,93382E+11;other
393382014722;3;1;3,93382E+11;other
393382014725;3;2;0;other
393382014728;2;2;0;booked-doctor
393382014730;3;2;0;other
393382014733;2;2;0;booked-user
393382014735;5;2;0;other
393382014740;2;2;0;booked-user
393382014742;3;2;0;other
393382014745;2;1;3,93382E+11;other
393382014747;3;2;0;other
393382014750;3;2;0;other
393382014753;2;2;0;booked-user
393382014755;2;2;0;booked-user
393382014757;6;2;0;other
393382014763;3;1;3,93382E+11;other
393382014766;2;1;3,93382E+11;other
393382014768;2;2;0;booked-user
393382014770;2;1;3,93382E+11;other
393382014772;2;1;3,93382E+11;other
393382014774;7;2;0;other
393382014781;2;1;3,93382E+11;other
393382014783;2;2;0;booked-user
393382014785;2;1;3,93382E+11;other
393382014787;2;1;3,93382E+11;other
393382014789;3;1;3,93382E+11;other
393382014792;2;1;3,93382E+11;other
393382014794;2;2;0;booked-user
393382014796;6;2;0;other
393382014802;2;1;3,93382E+11;other
393382014804;4;2;0;other
393382014808;3;1;3,93382E+11;other
393382014811;2;2;0;booked-user
393382014813;2;1;3,93382E+11;other
393382014815;3;1;3,93382E+11;other
393382014818;2;1;3,93382E+11;other
393382014820;2;1;3,93382E+11;other
393382014822;10;2;0;other
393382014832;11;2;0;other
393382014843;2;2;0;booked-user
393382014845;2;2;0;booked-user
393382014847;2;2;0;booked-user
393382014849;4;2;0;other
393382014853;5;2;0;other
393382014858;3;2;0;other
393382014861;3;2;0;other
393382014864;7;2;0;other
393382014871;2;1;3,93382E+11;other
393382014873;2;1;3,93382E+11;other
393382014875;2;2;0;booked-user
393382014877;3;2;0;other
393382014880;4;2;0;other
393382014884;2;1;3,93382E+11;other
393382014886;2;1;3,93382E+11;other
393382014888;2;1;3,93382E+11;other
393382014890;2;1;3,93382E+11;other
393382014892;2;2;0;booked-user
393382014894;2;2;0;booked-user
393382014896;15;2;0;other
393382014911;2;2;0;booked-user
393382014913;3;2;0;other
393382014916;2;1;3,93382E+11;other
393382014918;2;1;3,93382E+11;other
393382014920;4;2;0;other
393382014924;2;1;3,93382E+11;other
393382014926;3;2;0;other
393382014929;3;2;0;other
393382014932;2;1;3,93382E+11;other
393382014934;3;2;0;other
393382014937;2;1;3,93382E+11;other
393382014939;3;1;3,93382E+11;other
393382014942;5;2;0;other
393382014947;10;2;0;other
393382014957;2;2;0;booked-user
393382014959;6;2;0;other
393382014965;3;2;0;other
393382014968;9;2;0;other
393382014977;5;2;0;other
393382014982;2;1;3,93382E+11;other
393382014984;2;2;0;booked-user
393382014986;2;2;0;booked-user
393382014988;2;1;3,93382E+11;other
393382014990;2;1;3,93382E+11;other
393382014992;2;1;3,93382E+11;other
393382014994;4;1;3,93382E+11;other
393382014998;2;1;3,93382E+11;other
393382015000;3;2;0;other
393382015003;3;1;3,93382E+11;other
393382015006;4;2;0;other
393382015010;2;2;0;booked-user
393382015012;12;2;0;other
393382015024;2;2;0;booked-user
393382015026;2;1;3,93382E+11;other
393382015028;4;2;0;other
393382015032;2;1;3,93382E+11;other
393382015034;8;2;0;other
393382015042;2;1;3,93382E+11;other
393382015044;3;2;0;other
393382015047;2;2;0;booked-user
393382015049;2;1;3,93382E+11;other
393382015051;4;1;3,93382E+11;other
393382015055;2;1;3,93382E+11;other
393382015057;2;1;3,93382E+11;other
393382015059;2;1;3,93382E+11;other
393382015061;2;1;3,93382E+11;other
393382015063;4;2;0;other
393382015067;4;2;0;other
393382015071;2;1;3,93382E+11;other
393382015073;2;2;0;booked-user
393382015075;2;1;3,93382E+11;other
393382015077;2;2;0;booked-user
393382015079;10;2;0;other
393382015089;3;1;3,93382E+11;other
393382015092;6;2;0;other
393382015098;2;1;3,93382E+11;other
393382015100;2;2;0;booked-user
393382015102;3;2;0;other
393382015105;16;2;0;other
393382015121;4;1;3,93382E+11;other
393382015125;2;1;3,93382E+11;other
393382015127;2;1;3,93382E+11;other
393382015129;2;1;3,93382E+11;other
393382015131;2;2;0;booked-user
393382015133;3;2;0;other
393382015136;2;2;0;booked-user
393382015138;2;2;0;booked-user
393382015140;3;2;0;other
393382015143;2;1;3,93382E+11;other
393382015145;9;2;0;other
393382015154;5;2;0;other
393382015159;8;2;0;other
393382015167;8;2;0;other
393382015175;3;2;0;other
393382015178;4;1;3,93382E+11;other
393382015182;19;2;0;other
393382015201;3;1;3,93382E+11;other
393382015204;2;1;3,93382E+11;other
393382015206;7;2;0;other
393382015213;2;2;0;booked-user
393382015215;3;2;0;other
393382015218;5;1;3,93382E+11;other
393382015223;2;1;3,93382E+11;other
393382015225;5;1;3,93382E+11;other
393382015230;2;1;3,93382E+11;other
393382015232;2;2;0;booked-user
393382015234;2;1;3,93382E+11;other
393382015236;3;1;3,93382E+11;other
393382015239;2;1;3,93382E+11;other
393382015241;2;1;3,93382E+11;other
393382015243;2;2;0;booked-user
393382015245;3;2;0;other
393382015248;2;1;3,93382E+11;other
393382015250;2;1;3,93382E+11;other
393382015252;2;1;3,93382E+11;other
393382015254;3;2;0;other
393382015257;4;2;0;other
393382015261;4;1;3,93382E+11;other
393382015265;3;2;0;other
393382015268;2;1;3,93382E+11;other
393382015270;2;1;3,93382E+11;other
393382015272;3;1;3,93382E+11;other
393382015275;3;1;3,93382E+11;other
393382015278;3;1;3,93382E+11;other
393382015281;3;1;3,93382E+11;other
393382015284;2;1;3,93382E+11;other
393382015286;2;1;3,93382E+11;other
393382015288;2;1;3,93382E+11;other
393382015290;2;1;3,93382E+11;other
393382015292;2;1;3,93382E+11;other
393382015294;2;1;3,93382E+11;other
393382015296;5;2;0;other
393382015301;2;1;3,93382E+11;other
393382015303;2;1;3,93382E+11;other
393382015305;3;2;0;other
393382015308;7;2;0;other
393382015315;14;2;0;other
393382015329;2;2;0;booked-user
393382015331;2;2;0;booked-user
393382015333;2;2;0;booked-user
393382015335;2;1;3,93382E+11;other
393382015337;4;2;0;other
393382015341;2;1;3,93382E+11;other
393382015343;3;1;3,93382E+11;other
393382015346;3;1;3,93382E+11;other
393382015349;6;2;0;other
393382015355;2;2;0;booked-doctor
393382015357;2;2;0;booked-user
393382015359;3;2;0;other
393382015362;2;1;3,93382E+11;other
393382015364;4;1;3,93382E+11;other
393382015368;2;2;0;booked-user
393382015370;10;2;0;other
393382015380;3;1;3,93382E+11;other
393382015383;3;2;0;other
393382015386;3;2;0;other
393382015389;2;1;3,93382E+11;other
393382015391;12;2;0;other
393382015403;2;1;3,93382E+11;other
393382015405;7;2;0;other
393382015412;3;2;0;other
393382015415;6;2;0;other
393382015421;2;1;3,93382E+11;other
393382015423;3;1;3,93382E+11;other
393382015426;2;2;0;booked-user
393382015428;16;2;0;other
393382015444;4;1;3,93382E+11;other
393382015448;2;1;3,93382E+11;other
393382015450;8;2;0;other
393382015458;5;2;0;other
393382015463;3;1;3,93382E+11;other
393382015466;3;1;3,93382E+11;other
393382015469;2;1;3,93382E+11;other
393382015471;7;2;0;other
393382015478;3;2;0;other
393382015481;4;2;0;other
393382015485;7;2;0;other
393382015492;2;2;0;booked-user
393382015494;2;1;3,93382E+11;other
393382015496;2;1;3,93382E+11;other
393382015498;2;1;3,93382E+11;other
393382015500;2;1;3,93382E+11;other
393382015502;2;2;0;booked-user
393382015504;3;2;0;other
393382015507;3;2;0;other
393382015510;8;2;0;other
393382015518;3;1;3,93382E+11;other
393382015521;2;2;0;booked-user
393382015523;3;1;3,93382E+11;other
393382015526;4;1;3,93382E+11;other
393382015530;2;1;3,93382E+11;other
393382015532;2;1;3,93382E+11;other
393382015534;2;1;3,93382E+11;other
393382015536;2;1;3,93382E+11;other
393382015538;4;1;3,93382E+11;other
393382015542;4;2;0;other
393382015546;2;1;3,93382E+11;other
393382015548;2;1;3,93382E+11;other
393382015550;3;2;0;other
393382015553;4;2;0;other
393382015557;2;1;3,93382E+11;other
393382015559;3;2;0;other
393382015562;2;2;0;booked-user
393382015564;3;2;0;other
393382015567;2;2;0;booked-user
393382015569;2;1;3,93382E+11;other
393382015571;3;2;0;other
393382015574;2;1;3,93382E+11;other
393382015576;3;2;0;other
393382015579;3;2;0;other
393382015582;8;2;0;other
393382015590;3;2;0;other
393382015593;2;1;3,93382E+11;other
393382015595;2;1;3,93382E+11;other
393382015597;2;1;3,93382E+11;other
393382015599;2;1;3,93382E+11;other
393382015601;3;2;0;other
393382015604;2;1;3,93382E+11;other
393382015606;8;2;0;other
393382015614;8;2;0;other
393382015622;2;1;3,93382E+11;other
393382015624;2;1;3,93382E+11;other
393382015626;3;2;0;other
393382015629;6;2;0;other
393382015635;2;2;0;booked-user
393382015637;2;1;3,93382E+11;other
393382015639;6;2;0;other
393382015645;2;2;0;booked-user
393382015647;2;1;3,93382E+11;other
393382015649;7;2;0;other
393382015656;4;2;0;other
393382015660;5;2;0;other
393382015665;4;2;0;other
393382015669;2;2;0;booked-user
393382015671;6;2;0;other
393382015677;2;2;0;booked-user
393382015679;5;2;0;other
393382015684;2;2;0;booked-user
393382015686;7;2;0;other
393382015693;2;1;3,93382E+11;other
393382015695;4;2;0;other
393382015699;2;1;3,93382E+11;other
393382015701;3;2;0;other
393382015704;2;2;0;booked-user
393382015706;2;2;0;booked-doctor
393382015708;2;2;0;booked-user
393382015710;9;2;0;other
393382015719;3;1;3,93382E+11;other
393382015722;2;1;3,93382E+11;other
393382015724;2;2;0;booked-user
393382015726;2;2;0;booked-user
393382015728;2;1;3,93382E+11;other
393382015730;2;2;0;booked-user
393382015732;2;1;3,93382E+11;other
393382015734;2;1;3,93382E+11;other
393382015736;5;2;0;other
393382015741;2;1;3,93382E+11;other
393382015743;2;1;3,93382E+11;other
393382015745;4;2;0;other
393382015749;2;2;0;booked-user
393382015751;6;2;0;other
393382015757;2;2;0;booked-user
393382015759;2;2;0;booked-user
393382015761;2;2;0;booked-user
393382015763;2;1;3,93382E+11;other
393382015765;7;2;0;other
393382015772;2;1;3,93382E+11;other
393382015774;2;2;0;booked-user
393382015776;7;2;0;other
393382015783;15;2;0;other
393382015798;3;2;0;other
393382015801;2;1;3,93382E+11;other
393382015803;2;1;3,93382E+11;other
393382015805;2;1;3,93382E+11;other
393382015807;2;1;3,93382E+11;other
393382015809;2;2;0;booked-user
393382015811;3;2;0;other
393382015814;2;2;0;booked-user
393382015816;2;1;3,93382E+11;other
393382015818;5;2;0;other
393382015823;2;2;0;booked-user
393382015825;7;2;0;other
393382015832;2;1;3,93382E+11;other
393382015834;2;2;0;booked-user
393382015836;2;2;0;booked-user
393382015838;2;2;0;booked-user
393382015840;2;2;0;booked-user
393382015842;2;1;3,93382E+11;other
393382015844;2;1;3,93382E+11;other
393382015846;2;1;3,93382E+11;other
393382015848;2;2;0;booked-user
393382015850;2;1;3,93382E+11;other
393382015852;2;2;0;booked-user
393382015854;2;1;3,93382E+11;other
393382015856;7;2;0;other
393382015863;3;2;0;other
393382015866;3;2;0;other
393382015869;3;2;0;other
393382015872;4;2;0;other
393382015876;2;2;0;booked-user
393382015878;3;1;3,93382E+11;other
393382015881;2;1;3,93382E+11;other
393382015883;2;2;0;booked-user
393382015885;2;1;3,93382E+11;other
393382015887;2;1;3,93382E+11;other
393382015889;3;2;0;other
393382015892;5;2;0;other
393382015897;3;2;0;other
393382015900;2;1;3,93382E+11;other
393382015902;3;2;0;other
393382015905;3;2;0;other
393382015908;2;2;0;booked-user
393382015910;4;2;0;other
393382015914;2;2;0;booked-user
393382015916;2;1;3,93382E+11;other
393382015918;2;2;0;booked-user
393382015920;2;1;3,93382E+11;other
393382015922;4;1;3,93382E+11;other
393382015926;3;1;3,93382E+11;other
393382015929;2;1;3,93382E+11;other
393382015931;2;2;0;booked-user
393382015933;13;2;0;other
393382015946;2;2;0;booked-user
393382015948;3;2;0;other
393382015951;4;2;0;other
393382015955;2;1;3,93382E+11;other
393382015957;2;1;3,93382E+11;other
393382015959;7;2;0;other
393382015966;3;2;0;other
393382015969;5;2;0;other
393382015974;4;2;0;other
393382015978;4;2;0;other
393382015982;2;2;0;booked-user
393382015984;2;1;3,93382E+11;other
393382015986;3;1;3,93382E+11;other
393382015989;4;2;0;other
393382015993;3;2;0;other
393382015996;2;1;3,93382E+11;other
393382015998;6;2;0;other
393382016004;3;2;0;other
393382016007;2;1;3,93382E+11;other
393382016009;2;1;3,93382E+11;other
393382016011;2;1;3,93382E+11;other
393382016013;3;1;3,93382E+11;other
393382016016;6;2;0;other
393382016022;4;2;0;other
393382016026;3;2;0;other
393382016029;3;2;0;other
393382016032;3;1;3,93382E+11;other
393382016035;8;2;0;other
393382016043;4;2;0;other
393382016047;7;2;0;other
393382016054;4;2;0;other
393382016058;2;2;0;booked-user
393382016060;3;2;0;other
393382016063;2;1;3,93382E+11;other
393382016065;3;2;0;other
393382016068;9;2;0;other
393382016077;2;1;3,93382E+11;other
393382016079;9;2;0;other
393382016088;3;2;0;other
393382016091;2;1;3,93382E+11;other
393382016093;5;2;0;other
393382016098;8;2;0;other
393382016106;8;2;0;other
393382016114;2;1;3,93382E+11;other
393382016116;2;2;0;booked-user
393382016118;3;1;3,93382E+11;other
393382016121;3;1;3,93382E+11;other
393382016124;9;2;0;other
393382016133;4;2;0;other
393382016137;3;1;3,93382E+11;other
393382016140;2;2;0;booked-user
393382016142;5;2;0;other
393382016147;3;2;0;other
393382016150;6;2;0;other
393382016156;2;1;3,93382E+11;other
393382016158;8;2;0;other
393382016166;2;2;0;booked-user
393382016168;3;1;3,93382E+11;other
393382016171;2;2;0;booked-user
393382016173;3;2;0;other
393382016176;2;1;3,93382E+11;other
393382016178;2;1;3,93382E+11;other
393382016180;3;2;0;other
393382016183;2;1;3,93382E+11;other
393382016185;3;1;3,93382E+11;other
393382016188;2;1;3,93382E+11;other
393382016190;7;2;0;other
393382016197;4;2;0;other
393382016201;6;2;0;other
393382016207;3;2;0;other
393382016210;2;1;3,93382E+11;other
393382016212;5;1;3,93382E+11;other
393382016217;6;2;0;other
393382016223;2;1;3,93382E+11;other
393382016225;3;1;3,93382E+11;other
393382016228;2;2;0;booked-user
393382016230;2;1;3,93382E+11;other
393382016232;5;2;0;other
393382016237;2;2;0;booked-user
393382016239;2;1;3,93382E+11;other
393382016241;2;1;3,93382E+11;other
393382016243;12;2;0;other
393382016255;6;2;0;other
393382016261;2;1;3,93382E+11;other
393382016263;3;2;0;other
393382016266;3;1;3,93382E+11;other
393382016269;3;2;0;other
393382016272;3;2;0;other
393382016275;2;1;3,93382E+11;other
393382016277;6;2;0;other
393382016283;5;2;0;other
393382016288;2;2;0;booked-user
393382016290;4;2;0;other
393382016294;2;2;0;booked-user
393382016296;3;2;0;other
393382016299;5;2;0;other
393382016304;3;2;0;other
393382016307;2;2;0;booked-user
393382016309;2;1;3,93382E+11;other
393382016311;2;2;0;booked-user
393382016313;2;1;3,93382E+11;other
393382016315;5;2;0;other
393382016320;5;1;3,93382E+11;other
393382016325;2;2;0;booked-user
393382016327;2;2;0;booked-user
393382016329;2;1;3,93382E+11;other
393382016331;3;2;0;other
393382016334;7;2;0;other
393382016341;5;2;0;other
393382016346;3;1;3,93382E+11;other
393382016349;2;1;3,93382E+11;other
393382016351;2;1;3,93382E+11;other
393382016353;2;1;3,93382E+11;other
393382016355;2;1;3,93382E+11;other
393382016357;2;2;0;booked-user
393382016359;2;1;3,93382E+11;other
393382016361;2;2;0;booked-user
393382016363;6;2;0;other
393382016369;2;1;3,93382E+11;other
393382016371;6;2;0;other
393382016377;2;1;3,93382E+11;other
393382016379;3;2;0;other
393382016382;3;2;0;other
393382016385;4;1;3,93382E+11;other
393382016389;2;1;3,93382E+11;other
393382016391;2;1;3,93382E+11;other
393382016393;3;1;3,93382E+11;other
393382016396;3;1;3,93382E+11;other
393382016399;5;2;0;other
393382016404;2;2;0;booked-user
393382016406;5;2;0;other
393382016411;4;2;0;other
393382016415;2;1;3,93382E+11;other
393382016417;3;2;0;other
393382016420;4;1;3,93382E+11;other
393382016424;2;1;3,93382E+11;other
393382016426;2;1;3,93382E+11;other
393382016428;2;2;0;booked-user
393382016430;6;2;0;other
393382016436;3;2;0;other
393382016439;2;1;3,93382E+11;other
393382016441;2;1;3,93382E+11;other
393382016443;3;2;0;other
393382016446;2;2;0;booked-user
393382016448;2;1;3,93382E+11;other
393382016450;2;1;3,93382E+11;other
393382016452;2;2;0;booked-user
393382016454;2;1;3,93382E+11;other
393382016456;2;2;0;booked-user
393382016458;2;2;0;booked-user
393382016460;6;2;0;other
393382016466;2;2;0;booked-user
393382016468;2;1;3,93382E+11;other
393382016470;4;2;0;other
393382016474;2;2;0;booked-user
393382016476;2;2;0;booked-user
393382016478;3;2;0;other
393382016481;8;2;0;other
393382016489;6;2;0;other
393382016495;2;2;0;booked-doctor
393382016497;2;2;0;booked-user
393382016499;4;2;0;other
393382016503;4;2;0;other
393382016507;3;1;3,93382E+11;other
393382016510;2;1;3,93382E+11;other
393382016512;3;2;0;other
393382016515;7;2;0;other
393382016522;5;2;0;other
393382016527;2;1;3,93382E+11;other
393382016529;2;1;3,93382E+11;other
393382016531;2;1;3,93382E+11;other
393382016533;3;1;3,93382E+11;other
393382016536;12;2;0;other
393382016548;2;1;3,93382E+11;other
393382016550;2;1;3,93382E+11;other
393382016552;2;1;3,93382E+11;other
393382016554;2;1;3,93382E+11;other
393382016556;3;1;3,93382E+11;other
393382016559;4;2;0;other
393382016563;4;1;3,93382E+11;other
393382016567;2;1;3,93382E+11;other
393382016569;2;2;0;booked-user
393382016571;2;1;3,93382E+11;other
393382016573;4;2;0;other
393382016577;2;1;3,93382E+11;other
393382016579;9;2;0;other
393382016588;2;1;3,93382E+11;other
393382016590;2;1;3,93382E+11;other
393382016592;2;2;0;booked-user
393382016594;2;2;0;booked-user
393382016596;3;2;0;other
393382016599;2;1;3,93382E+11;other
393382016601;2;1;3,93382E+11;other
393382016603;2;2;0;booked-user
393382016605;2;1;3,93382E+11;other
393382016607;2;2;0;booked-user
393382016609;2;2;0;booked-user
393382016611;2;1;3,93382E+11;other
393382016613;2;2;0;booked-user
393382016615;3;1;3,93382E+11;other
393382016618;2;2;0;booked-user
393382016620;6;2;0;other
393382016626;4;2;0;other
393382016630;4;2;0;other
393382016634;2;1;3,93382E+11;other
393382016636;2;1;3,93382E+11;other
393382016638;3;1;3,93382E+11;other
393382016641;5;1;3,93382E+11;other
393382016646;3;2;0;other
393382016649;2;2;0;booked-user
393382016651;2;1;3,93382E+11;other
393382016653;3;2;0;other
393382016656;2;1;3,93382E+11;other
393382016658;3;1;3,93382E+11;other
393382016661;2;1;3,93382E+11;other
393382016663;2;1;3,93382E+11;other
393382016665;2;2;0;booked-user
393382016667;3;1;3,93382E+11;other
393382016670;3;2;0;other
393382016673;4;2;0;other
393382016677;3;1;3,93382E+11;other
393382016680;2;1;3,93382E+11;other
393382016682;5;2;0;other
393382016687;2;2;0;booked-user
393382016689;2;1;3,93382E+11;other
393382016691;4;1;3,93382E+11;other
393382016695;2;1;3,93382E+11;other
393382016697;2;2;0;booked-user
393382016699;14;2;0;other
393382016713;2;1;3,93382E+11;other
393382016715;2;2;0;booked-user
393382016717;3;1;3,93382E+11;other
393382016720;4;2;0;other
393382016724;2;1;3,93382E+11;other
393382016726;3;1;3,93382E+11;other
393382016729;3;2;0;other
393382016732;2;2;0;booked-doctor
393382016734;2;1;3,93382E+11;other
393382016736;2;1;3,93382E+11;other
393382016738;4;1;3,93382E+11;other
393382016742;2;1;3,93382E+11;other
393382016744;3;1;3,93382E+11;other
393382016747;2;1;3,93382E+11;other
393382016749;2;1;3,93382E+11;other
393382016751;3;2;0;other
393382016754;2;1;3,93382E+11;other
393382016756;8;2;0;other
393382016764;2;1;3,93382E+11;other
393382016766;6;2;0;other
393382016772;2;1;3,93382E+11;other
393382016774;3;2;0;other
393382016777;2;1;3,93382E+11;other
393382016779;2;2;0;booked-user
393382016781;10;2;0;other
393382016791;2;1;3,93382E+11;other
393382016793;2;1;3,93382E+11;other
393382016795;2;2;0;booked-user
393382016797;2;1;3,93382E+11;other
393382016799;2;1;3,93382E+11;other
393382016801;2;2;0;booked-user
393382016803;7;2;0;other
393382016810;2;1;3,93382E+11;other
393382016812;3;2;0;other
393382016815;2;1;3,93382E+11;other
393382016817;3;2;0;other
393382016820;2;1;3,93382E+11;other
393382016822;3;2;0;other
393382016825;2;2;0;booked-doctor
393382016827;3;2;0;other
393382016830;5;2;0;other
393382016835;2;2;0;booked-user
393382016837;2;2;0;booked-doctor
393382016839;2;1;3,93382E+11;other
393382016841;3;1;3,93382E+11;other
393382016844;2;1;3,93382E+11;other
393382016846;2;1;3,93382E+11;other
393382016848;7;2;0;other
393382016855;2;2;0;booked-doctor
393382016857;2;1;3,93382E+11;other
393382016859;3;2;0;other
393382016862;5;2;0;other
393382016867;2;1;3,93382E+11;other
393382016869;2;2;0;booked-doctor
393382016871;4;2;0;other
393382016875;3;1;3,93382E+11;other
393382016878;4;2;0;other
393382016882;2;2;0;booked-user
393382016884;3;1;3,93382E+11;other
393382016887;4;1;3,93382E+11;other
393382016891;5;2;0;other
393382016896;2;2;0;booked-doctor
393382016898;3;2;0;other
393382016901;5;2;0;other
393382016906;2;1;3,93382E+11;other
393382016908;3;2;0;other
393382016911;7;2;0;other
393382016918;7;2;0;other
393382016925;3;2;0;other
393382016928;3;2;0;other
393382016931;5;2;0;other
393382016936;2;2;0;booked-doctor
393382016938;3;2;0;other
393382016941;4;2;0;other
393382016945;15;2;0;other
393382016960;2;1;3,93382E+11;other
393382016962;7;2;0;other
393382016969;2;2;0;booked-doctor
393382016971;5;2;0;other
393382016976;3;2;0;other
393382016979;2;1;3,93382E+11;other
393382016981;12;2;0;other
393382016993;5;2;0;other
393382016998;8;2;0;other
393382017006;6;2;0;other
393382017012;6;2;0;other
393382017018;4;2;0;other
393382017022;2;2;0;booked-user
393382017024;7;2;0;other
393382017031;2;1;3,93382E+11;other
393382017033;6;2;0;other
393382017039;6;2;0;other
393382017045;4;1;3,93382E+11;other
393382017049;4;2;0;other
393382017053;3;2;0;other
393382017056;2;2;0;booked-doctor
393382017058;2;1;3,93382E+11;other
393382017060;3;2;0;other
393382017063;2;1;3,93382E+11;other
393382017065;8;2;0;other
393382017073;2;2;0;booked-doctor
393382017075;2;2;0;booked-user
393382017077;4;2;0;other
393382017081;10;2;0;other
393382017091;2;2;0;booked-user
393382017093;5;2;0;other
393382017098;7;1;3,93382E+11;other
393382017105;5;2;0;other
393382017110;7;2;0;other
393382017117;4;2;0;other
